insert into student ("st_id", "st_age", "st_major", "st_name", "un_name") VALUES (1001, 28, 'MecEng', 'Aryan', 'AUT');
insert into student ("st_id", "st_age", "st_major", "st_name", "un_name") VALUES (1002, 22, 'CivEng', 'Masoud', 'UT');
insert into student ("st_id", "st_age", "st_major", "st_name", "un_name") VALUES (1003, 18, 'SofEng', 'Ali', 'SUT');
insert into student ("st_id", "st_age", "st_major", "st_name", "un_name") VALUES (1004, 25, 'CivEng', 'Faraz', 'KNTU');
insert into student ("st_id", "st_age", "st_major", "st_name", "un_name") VALUES (1005, 22, 'MetEng', 'Saman', 'UT');
insert into student ("st_id", "st_age", "st_major", "st_name", "un_name") VALUES (1006, 22, 'CivEng', 'Samin', 'IUT');
insert into student ("st_id", "st_age", "st_major", "st_name", "un_name") VALUES (1007, 23, 'ITEng', 'Elham', 'AUT');
insert into student ("st_id", "st_age", "st_major", "st_name", "un_name") VALUES (1008, 20, 'ITEng', 'Farzad', 'KNTU');
insert into student ("st_id", "st_age", "st_major", "st_name", "un_name") VALUES (1009, 19, 'CivEng', 'Mohsen', 'SUT');
insert into student ("st_id", "st_age", "st_major", "st_name", "un_name") VALUES (1010, 25, 'MecEng', 'Maryam', 'SUT');
insert into student ("st_id", "st_age", "st_major", "st_name", "un_name") VALUES (1011, 22, 'SofEng', 'Reza', 'UT');
insert into student ("st_id", "st_age", "st_major", "st_name", "un_name") VALUES (1012, 21, 'CivEng', 'Reza', 'KNTU');
insert into student ("st_id", "st_age", "st_major", "st_name", "un_name") VALUES (1013, 30, 'MecEng', 'Mahdi', 'IUT');
insert into student ("st_id", "st_age", "st_major", "st_name", "un_name") VALUES (1014, 18, 'MetEng', 'Milad', 'UT');
insert into student ("st_id", "st_age", "st_major", "st_name", "un_name") VALUES (1015, 24, 'SofEng', 'Ali', 'IUT');

insert into course ("crs_id", "crs_name", "crs_value") values (2001, 'Physic 1', 2);
insert into course ("crs_id", "crs_name", "crs_value") values (2002, 'Dynamics', 4);
insert into course ("crs_id", "crs_name", "crs_value") values (2003, 'Statics', 3);
insert into course ("crs_id", "crs_name", "crs_value") values (2004, 'Data structures', 3);
insert into course ("crs_id", "crs_name", "crs_value") values (2005, 'Deep learning', 2);
insert into course ("crs_id", "crs_name", "crs_value") values (2006, 'Chemistry 1', 2);
insert into course ("crs_id", "crs_name", "crs_value") values (2007, 'Differential eq', 2);
insert into course ("crs_id", "crs_name", "crs_value") values (2008, 'Database', 3);
insert into course ("crs_id", "crs_name", "crs_value") values (2009, 'Calculus', 3);
insert into course ("crs_id", "crs_name", "crs_value") values (2010, 'Physic-lab', 1);

insert into course_student ("st_id", "crs_id", "score", "date") values (1001, 2001, 20, '2012');
insert into course_student ("st_id", "crs_id", "score", "date") values (1001, 2005, 18, '2014');
insert into course_student ("st_id", "crs_id", "score", "date") values (1001, 2006, 17, '2013');
insert into course_student ("st_id", "crs_id", "score", "date") values (1001, 2008, 19.5, '2012');
insert into course_student ("st_id", "crs_id", "score", "date") values (1002, 2002, 19, '2013');
insert into course_student ("st_id", "crs_id", "score", "date") values (1002, 2003, 16, '2013');
insert into course_student ("st_id", "crs_id", "score", "date") values (1002, 2005, 20, '2014');
insert into course_student ("st_id", "crs_id", "score", "date") values (1003, 2009, 17, '2012');
insert into course_student ("st_id", "crs_id", "score", "date") values (1003, 2003, 16, '2015');
insert into course_student ("st_id", "crs_id", "score", "date") values (1003, 2006, 12, '2014');
insert into course_student ("st_id", "crs_id", "score", "date") values (1003, 2007, 20, '2017');
insert into course_student ("st_id", "crs_id", "score", "date") values (1004, 2008, 14, '2016');
insert into course_student ("st_id", "crs_id", "score", "date") values (1005, 2004, 20, '2012');
insert into course_student ("st_id", "crs_id", "score", "date") values (1005, 2003, 17, '2013');
insert into course_student ("st_id", "crs_id", "score", "date") values (1006, 2001, 20, '2012');
insert into course_student ("st_id", "crs_id", "score", "date") values (1006, 2005, 14, '2015');
insert into course_student ("st_id", "crs_id", "score", "date") values (1006, 2004, 18, '2013');
insert into course_student ("st_id", "crs_id", "score", "date") values (1006, 2009, 19, '2016');
insert into course_student ("st_id", "crs_id", "score", "date") values (1007, 2010, 20, '2018');
insert into course_student ("st_id", "crs_id", "score", "date") values (1007, 2005, 18, '2019');
insert into course_student ("st_id", "crs_id", "score", "date") values (1008, 2001, 20, '2016');
insert into course_student ("st_id", "crs_id", "score", "date") values (1009, 2005, 17, '2016');
insert into course_student ("st_id", "crs_id", "score", "date") values (1009, 2004, 15, '2015');
insert into course_student ("st_id", "crs_id", "score", "date") values (1009, 2009, 18, '2014');
insert into course_student ("st_id", "crs_id", "score", "date") values (1010, 2007, 12, '2019');
insert into course_student ("st_id", "crs_id", "score", "date") values (1010, 2003, 17, '2014');
insert into course_student ("st_id", "crs_id", "score", "date") values (1012, 2001, 19, '2013');
insert into course_student ("st_id", "crs_id", "score", "date") values (1012, 2004, 18, '2017');
insert into course_student ("st_id", "crs_id", "score", "date") values (1012, 2006, 14, '2015');
insert into course_student ("st_id", "crs_id", "score", "date") values (1012, 2008, 20, '2012');